seq,reason
2214,"2000: календар — page_rotate, page_order, page_edge оператора"
2235,"2000: 16 стор., вкладка «Світанок» (повернуті сторінки)"
2254,"2000: 12 стор.; новий дизайн (друк на краю 23,1 %); page_edge оператора"
2259,"2000: 16 стор., вкладка «Світанок», page_rotate"
2265,"2000: 12 стор."
2266,"2001: новий дизайн (15,3 %)"
2267,"2001: календар — page_rotate, page_order, page_edge оператора"
2280,"2001: новий дизайн (24,0 %); посторінкові вказівки оператора"
2294,"2001: новий дизайн (32,0 %)"
2295,"2001: новий дизайн (10,9 %)"
2296,"2001: вказівки оператора (page_edge 1L6.5 1T1 2T0.5); 2 стор. з друком до краю"
2308,"2001: новий дизайн (8,7 %)"
2318,"2002: новий дизайн (42,5 %), календар; посторінкові вказівки оператора"
2323,"2002: 16 стор., вкладка «Світанок», page_rotate"
2332,"2002: 16 стор., вкладка (insert_pages 3-8), кути не записані"
2335,"2002: новий дизайн (13,9 %), без підвалу"
2339,"2002: 16 стор., вкладка (insert_pages 3-8); друк на краю 6,7 %"
2348,"2002: 16 стор., вкладка (insert_pages 7-12)"
2355,"2002: 16 стор., вкладка (insert_pages 11-16), page_rotate"
2370,"2003: новий дизайн (40,4 %)"
2373,"2003: 16 стор., вкладка (insert_pages 3-8)"
2382,"2003: 16 стор., вкладка (insert_pages 5-10)"
2386,"2003: новий дизайн (21,5 %) — за мірилом ns-designscan, очима не дивились"
